<?xml version="1.0" encoding="UTF-8" ?>
<!DOCTYPE mapper PUBLIC "-//mybatis.org//DTD Mapper 3.0//EN" "http://mybatis.org/dtd/mybatis-3-mapper.dtd" >
<mapper namespace="com.xpfirst.mapper.user.XfUserMapper" >

  <sql id="Base_Column_List" >
    userID, username, password, createDate, state
  </sql>
  <select id="selectByPrimaryKey" resultType="com.xpfirst.model.XfUser" parameterType="java.lang.Long" >
    select 
    <include refid="Base_Column_List" />
    from xf_user
    where userID = #{userID,jdbcType=BIGINT}
  </select>
  <delete id="deleteByPrimaryKey" parameterType="java.lang.Long" >
    delete from xf_user
    where userID = #{userID,jdbcType=BIGINT}
  </delete>
  <insert id="insert" parameterType="com.xpfirst.model.XfUser" >
    insert into xf_user (userID, username, password,
      createDate, state)
    values (#{userID,jdbcType=BIGINT}, #{username,jdbcType=VARCHAR}, #{password,jdbcType=VARCHAR},
      #{createDate,jdbcType=TIMESTAMP}, #{state,jdbcType=INTEGER})
  </insert>
  <insert id="insertSelective" parameterType="com.xpfirst.model.XfUser" >
    insert into xf_user
    <trim prefix="(" suffix=")" suffixOverrides="," >
      <if test="userID != null" >
        userID,
      </if>
      <if test="username != null" >
        username,
      </if>
      <if test="password != null" >
        password,
      </if>
      <if test="createDate != null" >
        createDate,
      </if>
      <if test="state != null" >
        state,
      </if>
    </trim>
    <trim prefix="values (" suffix=")" suffixOverrides="," >
      <if test="userID != null" >
        #{userID,jdbcType=BIGINT},
      </if>
      <if test="username != null" >
        #{username,jdbcType=VARCHAR},
      </if>
      <if test="password != null" >
        #{password,jdbcType=VARCHAR},
      </if>
      <if test="createDate != null" >
        #{createDate,jdbcType=TIMESTAMP},
      </if>
      <if test="state != null" >
        #{state,jdbcType=INTEGER},
      </if>
    </trim>
  </insert>
  <update id="updateByPrimaryKeySelective" parameterType="com.xpfirst.model.XfUser" >
    update xf_user
    <set >
      <if test="username != null" >
        username = #{username,jdbcType=VARCHAR},
      </if>
      <if test="password != null" >
        password = #{password,jdbcType=VARCHAR},
      </if>
      <if test="createDate != null" >
        createDate = #{createDate,jdbcType=TIMESTAMP},
      </if>
      <if test="state != null" >
        state = #{state,jdbcType=INTEGER},
      </if>
    </set>
    where userID = #{userID,jdbcType=BIGINT}
  </update>
  <update id="updateByPrimaryKey" parameterType="com.xpfirst.model.XfUser" >
    update xf_user
    set username = #{username,jdbcType=VARCHAR},
      password = #{password,jdbcType=VARCHAR},
      createDate = #{createDate,jdbcType=TIMESTAMP},
      state = #{state,jdbcType=INTEGER}
    where userID = #{userID,jdbcType=BIGINT}
  </update>
  <select id="selectByUsername" resultType="com.xpfirst.model.XfUser" >
    select
    <include refid="Base_Column_List" />
    from xf_user
    where username = #{username}
    <if test="state != null" >
      AND state = #{state}
    </if>
    LIMIT 1
  </select>
  <select id="selectByUsernameAndPassword" resultType="com.xpfirst.model.XfUser" >
    select
    <include refid="Base_Column_List" />
    from xf_user
    where state = 1
    AND username = #{username}
    AND password = #{password}
    LIMIT 1
  </select>
</mapper>